24	srodriguez,rodriguaz,ridriguez,redriguez,rodrigurez,rodriguiez,rodlriguez,rodrigez,robriguez,rogriguez,ropdriguez,rofdriguez,rodruiguez,rodreiguez,rodriguez,rodrdiguez,rodrigguez,rodrifguez,rodrigiuez,rodriguuez,rodrigue,rodrgiuez,rodriuez,odriguez
10	acheverria,cheverria,echevarria,echeverri,eceheverria,echecerria,echeverria,echeverrria,chavarria,echavarria
9	guierrez,guutierrez,gurtierrez,gutierrez,gutierreez,gutierez,gutirrez,guitierrez,gitierrez
9	salamca,salamnca,salanmanca,salamamca,salamanca,salamanaca,salmanca,slamanca,solamanca
8	becarra,becerrra,becerra,beccerra,bercerra,beccera,becera,bacerra
8	gonzaqlez,gonzxalez,gonzalez,gonzalñez,gonazalez,gonzales,gonzale,gonzalea
8	hernanedz,hernandz,hernanadez,hernandez,hrnandez,ernandez,hernadez,hernnadez
8	castelllanos,castellanos,castellamos,castellano,catellanos,cstellanos,castellenos,castllanos
7	carrillo,carillo,campillo,capillo,cantillo,catillo,cstillo
7	veladia,velania,velandoia,velandia,veñandia,velandi,valandia
7	alvrez,alviarez,alvaraez,alvarez,alvares,avarez,lvarez
7	guerrrero,guerrero,guyerrero,gurerrero,gerrero,gurrero,guerero
7	rigueredo,fegueredo,figueredo,figuerredo,figuereo,figuereso,figeredo
7	menoza,mjendoza,mendoza,mondoza,mandoza,mendosa,nendoza
7	espiti,espitua,espitia,epitia,esptia,esitia,ospitia
7	betancort,betancurt,betancuurt,betancourth,betancourt,betancur,betancour
6	epinosa,espinos,espinosa,espiniosa,espinisa,espinoza
6	barrato,barrerto,barreto,bareño,bareto,berreto
6	sanabruia,sanabria,sanabrias,sanbria,zanabria,sanabia
6	martha,marta,matta,malta,mata,manta
6	ramires,rammirez,ramoirez,ramirez,ramireez,ramirz
6	estupuñan,estupiñana,estupinan,estupiñanm,estupiñan,estuiñan
6	cuchivaque,cuchimaque,cuchivage,cuchibague,cuchivague,cuchivaguen
6	aguirrre,aguirree,aguire,aguirre,agurre,aquirre
6	baarera,barreara,barrera,barrrera,barrra,barreba
6	ballejo,vallejos,vallejo,alejo,valejo,vellejo
6	tristancho,cristacho,chistancho,critancho,cristanncho,cristancho
6	morenio,mopreno,morreno,morerno,moreno,morenop
5	olguin,holiguin,holguin,holgui,hoguin
5	carvasjal,carvajal,cavajal,carvjal,carvajas
5	acevdo,acevado,aevedo,acevedo,acevedi
5	fernandez,fernanez,fenrnadez,fernadnez,fernadez
5	avedaño,avendaños,avendaño,avendano,amendaño
5	bossa,lossa,nossa,ossa,loasa
5	albarracin,albarrracin,albbarracin,albrracin,albarracil
5	velasquz,velazquez,velasquez,velazques,velasques
5	faracica,fracica,francia,francica,frasica
5	guillin,gillen,guillent,guilleng,guillen
5	guayaban,guayatan,guayasan,guayazan,guayacan
5	crdens,cardens,cardenal,cardena,cadena
5	suavita,iguavita,guavita,guauta,guaita
5	montenefro,montenero,montnegro,montenegro,montengro
5	huiguera,higuera,higueras,hifuera,huguera
4	motas,mota,motta,motoa
4	aissa,sissa,sosa,sossa
4	majica,mujica,nojica,mojica
4	velero,valero,valeta,valera
4	gamero,camero,camejo,camelo
4	balcero,balero,caldero,calero
4	caceress,caceres,caseres,cacerez
4	arocha,rocha,ocha,mocha
4	cipamocha,cipamopcha,cipamoha,zipamocha
4	nariño,mariño,marino,mario
4	llañes,llanes,llano,llanos
4	balaquera,balaguera,valaguera,vqalaguera
4	lizarozo,lizaraso,lilzarazo,lizarazo
4	ariaz,aria,areiza,ariza
4	piragua,piragauta,piraguata,piraguta
4	alfonzo,alonzo,alfonso,alonso
4	medin,medina,medidna,mediina
4	conguta,congua,cagua,cogua
4	suerez,surez,sauarez,saurez
4	gualtereos,gualteros,guaiteros,gualtero
4	nino,ninño,niños,niño
4	cerda,cera,acena,acera
4	sambraño,sambrano,zamabrano,zambrano
4	alvis,galvis,galvez,galviz
4	caycedo,caicedo,caidedo,caisedo
4	rorres,rorrez,torre,torrez
4	grimaldos,grimaldo,grismaldos,grismaldo
4	banquera,baquera,baqueron,baquero
4	monzalve,monsalve,monsave,monsalvo
4	grandas,grandos,granandos,granados
4	solano,olano,ocaño,ocano
4	slacedo,sacedo,salcedo,saucedo
4	corresa,correa,correra,correal
4	gerez,jerez,feres,jeres
4	mejia,majia,mijica,mijia
4	castiblanco,castilblanco,csatiblanco,catiblanco
4	rosas,rodas,roajas,rojas
4	acosta,costa,cosio,costo
4	bohorque,bhorquez,bohorequez,bohorquez
4	herrea,herrrera,herrera,heerera
4	rabello,abello,bellon,bello
4	morakes,moralez,molrales,morales
4	contrras,contreras,conteras,canteras
4	nocoa,novoa,novao,nova
4	gamboa,gamba,gama,gamma
4	siatoba,satoba,sativa,satiba
4	taran,taron,baron,varon
4	macia,macias,masias,matias
4	legizamo,legizamon,leguizamon,leguzamon
4	chaña,chaka,cala,chala
4	amrtinez,mrtinez,marinez,matinez
4	larrotya,larrota,larota,lorrota
4	amezquta,asmezquita,amezquita,amenquita
4	vaga,vagas,vragas,vrgas
4	ribero,rivero,riberos,riveros
4	rosero,rosro,roso,rosso
4	marcipe,moncipe,mancipe,manzipe
4	mateos,matos,santos,satos
4	astro,castro,caro,catro
4	cabbra,cabra,cabrera,cabrra
4	torers,tores,peres,pores
4	torrres,storres,torres,torresa
4	caldes,valdes,caldez,valdez
4	seerano,serano,cedano,sedano
4	martines,martinez,martinezs,martineza
4	cortez,corte,cortes,corts
4	baoyona,boyona,bayana,bayona
4	umbariva,umbariba,umbarilla,umbarila
4	pidiache,piriache,pidiachi,piriachi
4	tobo,tobon,toros,tobos
4	neiza,neita,teuta,neuta
4	monzoque,monsoque,nonzoque,nonsoque
4	moyano,morano,morato,morao
4	idarraga,adarraga,saldarriaga,madarriaga
4	argullo,arguello,argello,aeguello
3	plata,plazas,plaza
3	rodirguez,rodrguez,rodiguez
3	tibanoso,tibamozo,tibamoso
3	villater,villarte,villate
3	menjuren,menjure,menjura
3	homes,olmes,holmes
3	loaiza,loiza,loiaza
3	beltra,beltraqn,beltran
3	bermejo,bermeo,berbeo
3	paipillla,paipilla,paiplla
3	lombo,lobon,lobo
3	hostios,hostos,hostoa
3	nimpaque,nunpaque,numpaque
3	bermundez,bermudez,bermudes
3	sigua,sicua,cicua
3	olivar,bolibar,bolivar
3	dias,limas,dimas
3	carranzqa,carranza,carvanza
3	guataqui,guatiquira,guataquira
3	nitola,mitola,hitola
3	usechi,useche,usuche
3	largo,largos,larios
3	ormaza,hormanza,hormaza
3	matheus,mateus,mateuz
3	uscategui,euscategui,uscatequi
3	alean,alban,alba
3	guerrreo,guerrro,guerreo
3	vargs,varas,varags
3	garza,garzon,garzo
3	vanegaz,vanegas,venegas
3	ravelo,raveo,rave
3	carroza,cardona,cardoza
3	aconcha,concha,concho
3	ropoero,ropero,rodero
3	bulla,fulla,falla
3	alencia,palencia,valencia
3	coranado,coroanado,coronado
3	bothia,botia,bottia
3	campos,ocampo,campo
3	castellon,castrillo,castrillon
3	homez,gomez,gomrz
3	gmez,gamez,gpmez
3	camargo,camargao,camarga
3	delia,devia,debia
3	guadia,guaydia,guardia
3	pirajan,piracon,pirajon
3	gallo,gallon,galeon
3	anguta,ponguta,pnguta
3	pulidso,pulido,pulida
3	ullo,ulloa,uloa
3	gross,groso,gros
3	forero,foreo,forer
3	acellaneda,avellaneda,avellanada
3	aranque,araque,arque
3	toloza,solosa,tolosa
3	chiquixa,chiquiza,chiquisa
3	mendi,mendes,mendis
3	mendivelso,meldivelso,mendiveso
3	pinzon,pnzon,pizon
3	mongui,mongua,mengua
3	corozo,corzo,corso
3	quimbaya,quimbay,quimbayo
3	combriza,combariza,conbariza
3	colmenares,colmenarez,colmebares
3	costilla,bastilla,castilla
3	ruyer,rujer,ruje
3	luqque,luque,duque
3	alercon,alrcon,arcon
3	antoline,antolinez,antolines
3	nontoa,montoya,montoa
3	sepulveda,sepulvada,sepulvda
3	huertas,huertaz,huerta
3	puerto,puertas,puerta
3	verdugo,berdugo,erdugo
3	ortis,ortix,ortin
3	leyvan,leyvae,leyva
3	veron,ceron,seron
3	salas,sabas,saba
3	cardozo,crdozo,cradozo
3	firacative,firacatibe,finacative
3	grizalez,grisalez,grisales
3	tomero,tolero,toledo
3	castaño,cataño,camaño
3	perea,paerez,perez
3	silvan,silvia,silva
3	riañ,riaños,riaño
3	esteve,estevez,esteves
3	sequeda,sequera,seguera
3	copasachoa,cupasachoa,cupaschoa
3	malvaer,malaver,malver
3	jimenez,jiemenez,jiemenz
3	corredop,corredo,correo
3	tegua,segua,segia
3	charria,charri,charry
3	bora,borda,borja
3	vicente,vicents,vicentes
3	erazo,erasso,eraso
3	savala,zabala,zavala
3	isaguita,izaquita,isaquita
3	valles,valle,calle
3	casteblancoo,casteblanco,castelanco
3	reyes,reyas,renas
3	riativa,ritiva,rativa
3	rubiaqno,rubiano,ribiano
3	pachon,pacho,paco
3	paloma,palom,palomo
3	gambo,tambo,tamyo
3	tuiza,juisa,juiza
3	naranja,naranjo,naranj
3	solis,solio,solao
3	almanzar,almanza,armanza
3	cisnero,sisneros,cisneros
3	pineros,piñeros,piñeres
3	lano,libano,liano
3	careño,carreñoñ,carreño
3	picon,pico,pisco
3	loopez,lopez,lopaz
3	apopnte,aponte,apornte
3	guarain,guarin,guerin
3	lotero,otero,botero
3	capacho,camachor,camacho
3	nava,navas,pavas
3	markffoy,margfoy,margffoy
3	vaca,vacca,vaaca
3	bosigas,bosiga,bociga
3	covaria,cobaria,cogaria
3	arana,arenas,arena
3	mozo,monzon,monzo
3	diran,uran,duran
3	moroy,moros,oros
3	pedrza,pedraza,padraza
3	cainava,cainabas,cainaba
3	asencio,atencio,acencio
3	depablos,depablo,depaulo
3	pirabaque,pirateque,pirataque
3	univio,unibio,unubio
3	benavidez,banavidez,banavides
3	agudela,agudello,agudelo
3	vcargas,vasrgas,vargas
3	vargsa,varga,vargaz
3	chitibo,chitiva,chitivo
3	valderrama,valderrma,valderra
3	pihedradita,piedrahita,piedraita
3	salijnas,salinas,salina
3	leuro,negro,legro
3	tibana,ibata,tibata
3	quiñones,quiñonez,quiñoñez
3	finca,fosca,fonca
3	ticora,tocora,tacora
3	paramo,parrado,parado
3	adama,adarme,adame
3	achgua,achogua,achagua
3	herrara,serrada,herrada
3	rache,rachen,raches
3	aladino,ladino,latino
3	tocaria,tobaria,tovaria
3	igua,higura,higua
3	arismendy,arismende,arismendi
3	beniitez,benitez,benites
3	plazaz,piazaz,piazas
3	osorno,ososrio,osorio
3	cabas,casas,casa
3	alvardo,alvaro,alvarao
3	guatiboza,guatibonza,guativonza
3	varelas,varela,barela
3	avellla,avella,abella
3	zarazte,zarate,sarate
3	villan,villon,aillon
3	guaneme,guanumen,guanume
3	galvan,galan,galana
3	maquez,vazquez,vaquez
3	comba,coba,corba
3	duzman,guzaman,guzman
3	papipa,paipa,paiba
3	cavanzo,cabanzo,gabanzo
3	lopea,lovera,lopera
3	eslaba,eslavia,eslava
3	bolañoz,bolaños,bolaño
3	colina,miolina,molina
3	quuiroz,quiroz,quiros
3	prieto,pieto,nieto
3	urrea,urrega,urrego
3	ibanez,ibañez,ibañes
3	neoira,neira,neyra
3	capera,carrera,carera
3	uyaban,uyazan,urazan
3	valcarcer,valcarcel,varcarcel
3	guerra,guevara,guevra
3	quiroja,quuiroga,quiroga
3	madero,modera,madera
3	urueña,ureña,uraña
2	calbuena,balbuena
2	peñalosa,peñaloza
2	alaya,anaya
2	vega,vesga
2	pacasira,pacacira
2	mirando,miranda
2	arangure,aranguren
2	marin,martin
2	supalano,supelano
2	zarabanda,sarabanda
2	florz,flor
2	vinazco,vinasco
2	moran,mora
2	escamilla,esamilla
2	ordoñez,ordonez
2	anchez,zanchez
2	tabarez,tabares
2	boyaca,bojaca
2	abhunza,abahunza
2	zuletz,zuleta
2	nocove,nopove
2	calixto,calixco
2	pinillo,pinillos
2	cusguen,cusquen
2	medida,merida
2	russy,russi
2	gacha,gaucha
2	peraza,perlaza
2	jurado,jurada
2	saraza,zaraza
2	baranoa,baranza
2	cucachon,cucanchon
2	angel,rangel
2	cobos,cobo
2	florez,folorez
2	ballesteros,ballestero
2	albornoz,salbornoz
2	bacca,bacci
2	alcira,alvira
2	verbel,vergel
2	enriquez,henriquez
2	talero,alero
2	padilla,pradilla
2	tupanteve,tupantene
2	tellez,telles
2	sutha,sutta
2	palacios,palcios
2	abril,abnril
2	navarro,navarra
2	tibai,tibay
2	valla,villa
2	neme,nemes
2	figueroa,fgueroa
2	agfricano,africano
2	covo,covos
2	uricoechea,uricochea
2	atilva,atilua
2	salgado,salgadao
2	guijo,guio
2	rosillo,rosollo
2	robba,robha
2	acelas,aceldas
2	ardila,arddila
2	suarez,suzarez
2	landero,landeros
2	cocinero,cocunero
2	basto,pasto
2	losano,lozano
2	gonzaez,gonzlaez
2	ucros,hucros
2	manrrique,manrique
2	siboche,sibocha
2	gutierres,gutieeres
2	tibidor,tividor
2	cabieles,cabiales
2	bracaldo,baracaldo
2	oaopeza,oropeza
2	orozco,orizco
2	adarbe,hadarbe
2	jarro,garro
2	rincon,rincxon
2	neiva,neva
2	claros,claro
2	orduz,ordus
2	usgame,uzgame
2	gerena,gerenas
2	ascencio,ascencion
2	yemayusa,yamayusa
2	zafra,safra
2	romero,royero
2	piratova,piratovo
2	lamus,lumus
2	mosquera,mosquerea
2	barrios,barros
2	castel,castell
2	montaqez,montanez
2	narcisa,narciso
2	rueda,ruedas
2	quenguan,queguan
2	murillo,murrillo
2	saenz,saens
2	carvajalino,caarvajalino
2	tirado,tirano
2	pulgar,pulga
2	tapia,tapias
2	pezca,pesca
2	espinel,espinal
2	solorza,soloza
2	aranda,arandia
2	linares,linarez
2	villalba,vilalba
2	celis,celys
2	isasa,sasa
2	quintian,quitian
2	mosso,posso
2	comezaquira,comesaquira
2	casteñeda,casteneda
2	guecha,guicha
2	isariza,izariza
2	raigoso,raigozo
2	pinedea,pineda
2	zotaquira,zetaquira
2	canal,canay
2	pasachoa,pasachoba
2	tarazona,taazona
2	pacanchique,pacanahique
2	viveros,vivero
2	mahecha,maecha
2	arero,armero
2	ramon,hamon
2	archila,archilla
2	mayo,mayor
2	monquira,moniquira
2	simbaqueva,simbaqueba
2	sastoque,santoque
2	albana,aldana
2	pacasuca,pacazuca
2	santisteban,santiesteban
2	unriza,uriza
2	lagunas,laguna
2	floria,florin
2	albarracion,albararcion
2	panqueba,panqueva
2	niebes,niebles
2	quicazaque,quicasaque
2	mujanajinsoy,muyanajinsoy
2	arevalo,aravalo
2	ochoa,ochoia
2	pulio,puliso
2	lavao,lavado
2	curtidor,cutidor
2	avilan,gavilan
2	rabon,ribon
2	siatame,siatama
2	suazo,suaza
2	vilate,vilalte
2	cucuaita,cucaita
2	guiza,guizao
2	portela,cortela
2	mantilla,mancilla
2	mendieta,mendienta
2	arango,brango
2	ramos,mramos
2	astroz,astros
2	turga,turca
2	suspez,suspes
2	avellneda,avalleneda
2	malana,macana
2	honojosa,hinojosa
2	villanuieva,villanueva
2	avevedo,avecedo
2	donosso,donoso
2	ayalas,ayala
2	cotrina,cotrino
2	laines,lainez
2	zanguña,sanguña
2	merchan,marchan
2	omaña,ocaña
2	tijano,tijaro
2	dueñes,dueñas
2	pino,pinzo
2	esmith,smith
2	tamara,zamara
2	cabulo,cabullo
2	morante,morantes
2	tobasura,tobazura
2	urbino,urbina
2	porras,parras
2	poveda,povedae
2	gomzalez,gozalez
2	ovalle,oballe
2	valiente,vaaliente
2	yepes,yepez
2	borrego,orrego
2	geronimo,jeronimo
2	celia,celi
2	sotaquira,sotquira
2	aparicio,apariacio
2	kranky,franky
2	monroy,monrroy
2	abaunza,abanza
2	yaquive,yaquibe
2	jaramillo,jaramilo
2	comenares,colemnares
2	carabuena,carabueno
2	sendales,cendales
2	chica,ochica
2	montilva,montilla
2	rojsa,rosa
2	cativa,chativa
2	bonilla,binilla
2	najar,anajar
2	canon,cano
2	fuerte,fuertes
2	pabon,pablon
2	guacabare,guacavare
2	amador,amado
2	condia,condiza
2	castañeda,catañeda
2	urena,uruena
2	perilla,perrilla
2	cufino,cufiño
2	camrago,camrgo
2	vasques,vazques
2	serrano,serrrano
2	ñiampira,niampira
2	young,younp
2	londoño,londoqo
2	diaz,diuaz
2	matallana,matallna
2	chaparro,cahaparro
2	sandoval,saldoval
2	viscaino,vizcaino
2	jimemnez,jimemez
2	martelo,marcelo
2	tocua,nocua
2	jimennez,jimeneez
2	ricon,rico
2	cirata,girata
2	caranton,carantonio
2	cotame,cotamo
2	bravo,brevo
2	ariztizabal,aristizabal
2	satizabal,zatizabal
2	carvaja,carvalja
2	cotinchara,contichara
2	alarcon,alarccon
2	ivica,ibica
2	tipazoca,tipasoca
2	daleman,aleman
2	dueñaz,dueñez
2	livano,lievano
2	paiva,pava
2	santefe,santafe
2	quintero,quijntero
2	miguez,miguel
2	burbano,urbano
2	mecha,meche
2	choconta,chochonta
2	amaya,amya
2	chorque,churque
2	esquerra,esguerra
2	suta,siuta
2	ureta,urieta
2	vaquero,vaquiro
2	cucunuba,cucunuva
2	tojansi,tofansi
2	willamil,villamil
2	lache,fache
2	velazco,valazco
2	pedroza,pedrozo
2	gayon,gazon
2	benitz,benito
2	umaña,humaña
2	losada,posada
2	perz,peraz
2	guiral,giral
2	chaco,chacon
2	desalvador,salvador
2	huratado,hurtado
2	hurtua,hortua
2	robls,robles
2	munevar,monevar
2	celiz,caliz
2	moncaleano,moncaliano
2	tamayo,camayo
2	toba,tobar
2	olivares,olivarez
2	avila,aqvila
2	cuervo,curvo
2	infate,infante
2	mesia,mesias
2	coredero,cordero
2	fuentes,nfuentes
2	matorga,mayorga
2	triana,triano
2	barrero,barreiro
2	sarmrmiento,sarmiento
2	nunez,nuñez
2	fonnegra,fonegra
2	culman,culma
2	anzonla,anzola
2	saldua,zaldua
2	socadagui,zocadagui
2	hueza,huezo
2	tabaduiza,tibaduiza
2	sutachan,sotachan
2	camaho,camahco
2	segundo,segunda
2	carbonel,carbonell
2	carrea,currea
2	enao,henao
2	aguilar,agilar
2	vasquez,basquez
2	corcovado,corcobado
2	quitero,quntero
2	pallares,ballares
2	lanceros,lancheros
2	caviedes,cavieles
2	tovar,tavar
2	sanchez,saanchez
2	siera,viera
2	gantiva,gantivar
2	cancelado,cancelao
2	yomayusa,yomayuza
2	chaprro,chaparo
2	landines,ladines
2	arateco,arateca
2	humba,umba
2	marique,mnarique
2	bohada,boada
2	herran,herron
2	fabra,faura
2	serna,serpa
2	fontecha,fontacha
2	donado,donato
2	rugeles,rogeles
2	socha,soacha
2	cubillos,cibillos
2	fique,tique
2	ostos,ostios
2	cusva,cusba
2	castelblanco,gastelblanco
2	nomesque,nomezque
2	reiran,rairan
2	vedoya,bedoya
2	melon,mecon
2	tibocha,tiboche
2	jaimes,james
2	teatin,teatino
2	soto,sotgo
2	montañez,montañes
2	aris,paris
2	barrara,barraza
2	cuestas,cuesvas
2	cogollo,cogollos
2	dulce,dulcey
2	dehaquiz,deaquiz
2	atusta,atuesta
2	dalllos,dallos
2	giraldo,ghiraldo
2	navarreta,navarrete
2	cative,cutive
2	oviedo,obiedo
2	campuzano,campusano
2	noratto,norato
2	chisimo,chisito
2	uneme,funeme
2	melendez,menendez
2	urango,durango
2	benavides,benabides
2	chaves,chavez
2	gallego,gallegos
2	henandez,herandez
2	arroyave,arroyabe
2	cambero,camberos
2	cruz,ctruz
2	grosso,gorosso
2	quica,juica
2	galindo,galido
2	medillin,medellin
2	corcho,curcho
2	cubaque,cubague
2	gavidia,gaviria
2	soaterna,suaterna
2	olarte,solarte
2	pinilla,pinillla
2	echeverry,echevery
2	guezguan,guesguan
2	farfan,fartfan
2	sanguino,zanguino
2	alturo,arturo
2	zamora,zammora
2	soraca,sosraca
2	avilez,aviles
2	favian,fabian
2	runza,dunza
2	ospino,ospina
2	panesso,paneso
2	calvera,caldera
2	tabera,tavera
2	neissa,neussa
2	marquez,marqiuez
2	gualdron,gualtron
2	laiton,layton
2	larrotta,larotta
2	reapira,riapira
2	florian,floriano
2	zipasuca,sipasuca
2	delgadillo,delgadilla
2	tabora,taborda
2	tumay,tuay
2	navia,nivia
2	ferla,feria
2	casallas,casalllas
2	parra,parrea
2	sepeda,vepeda
2	blanco,blanca
2	fraile,freile
2	valbuena,vilbuena
2	cifuentes,cifentes
2	manco,menco
2	tibavija,tibabija
2	mercgan,mercan
2	viazus,viasus
2	pacalagua,patalagua
2	barragan,barrgan
2	sadino,sandino
2	lesmes,lesmez
2	qumba,quemba
2	bienco,bianco
2	jimene,jimenes
2	barinas,barina
2	rivera,rilvera
2	bautisat,bautisata
2	nagles,nagle
2	ciranicicua,cinaricicua
2	sierra,sierrra
2	patiño,patño
2	murci,murcia
2	soler,solera
2	bertel,bestel
2	montalvan,montallana
2	tensa,tenza
2	calderon,cañlderon
2	nustez,nuste
2	manosalva,mamosalva
2	sanche,sanchea
2	guisa,guina
2	rendon,rondon
2	pirabague,pirabaguen
2	morera,moreras
2	apoyome,apoyame
2	bernal,vernal
2	cely,celly
2	sastre,satre
2	cuchia,chchia
2	gudino,gudiño
2	trujullo,trujillo
2	piraban,pirazan
2	dottor,dotor
2	monsocua,nonsocua
2	bajarano,bejarano
2	ruales,reales
2	saavedra,saaavedra
2	jovel,joven
2	fonsea,fonseca
2	correales,corrales
2	pirachican,pirachica
2	sanches,sanchezs
2	camen,carmen
2	zuñiga,zañiga
2	salazar,salarzar
2	junco,hunco
2	cuellas,cuellar
2	muñoz,mulñoz
2	manjarrez,monjarrez
2	tunarrosa,tunarosa
2	barchillon,barchilon
2	chirivi,chiribi
2	pinto,pinato
2	montañoo,montaño
2	cuevas,acuevas
2	candelo,canelo
2	saldaña,saladaña
2	ricaurte,ricuaurte
2	rubio,ruvio
2	angarita,anagarita
2	pentes,puentes
2	mende,mendez
2	montaña,motaña
2	lemus,lemos
2	benvides,benevides
2	padron,patron
2	siahucho,siaucho
2	nausan,naussan
2	gambacica,gambasica
2	buitrago,buuitrago
2	pinedo,tinedo
2	callajas,callejas
2	buelvas,buelbas
2	ortiz,orytiz
2	merlo,melo
2	milla,millan
2	portilla,portillo
2	tunaroza,tunarroza
2	asprilla,lasprilla
2	florida,florido
2	fagua,fargua
2	zubieta,subieta
2	sawenz,sahenz
2	orejuela,orjuela
2	gorrais,gorraiz
2	wilchez,wilches
2	racines,rocines
2	hunda,unda
2	moque,roque
2	rebolleso,rebolledo
2	villaraga,villarraga
2	almeyda,almeida
2	suecun,suescun
2	sarabia,saravia
2	petro,pedro
2	baena,bahena
2	corredor,corrdedor
2	gelvez,gelves
2	motrovtch,motrovich
2	nausa,niausa
2	acuña,auña
2	quesada,quezada
2	tocarruncho,tocarrucho
2	ragua,dagua
2	villamicar,villamizar
2	lasso,laso
2	milan,mican
2	flechaz,flechas
2	paarada,parada
2	prada,prado
2	paredess,paredes
2	ferro,fierro
2	agulera,aguilera
2	peñarete,piñarete
2	quintana,quintanma
2	quinche,quincho
2	corregidor,correjidor
2	virgues,virguez
2	ferreira,ferrerira
2	cossio,bossio
2	mensa,mena
2	goyenche,goyeneche
2	hillon,chillon
2	ferias,farias
2	umbasia,umbacia
2	wanumen,wunumen
2	mercado,cercado
2	cuta,cutha
2	guauque,guaque
2	palma,palmas
2	medoza,memdoza
2	usaquen,usaquin
2	saza,isaza
2	cobides,cibides
2	bogoya,boboya
2	caña,cañas
2	truco,trucco
2	ojeda,ojedas
2	sorazipa,soracipa
2	fuquen,fuquene
2	villabos,villalobos
2	lach,llach
2	vivas,rivas
2	cicuamia,ciacuamia
2	batativa,babativa
2	oyola,orola
2	velosa,veloza
2	chisino,chicino
2	frnco,frnaco
2	quichanegua,quinchanegua
2	pastran,pastrana
2	auala,auila
2	cipagauta,cipagauto
2	chivata,chipata
2	segura,saegura
2	gascon,tascon
2	garica,garnica
2	fajardop,fajardo
2	rusinque,russinque
2	albanil,albañil
2	hincapie,incapie
2	arcila,arcilia
2	muniz,munoz
2	chona,chon
2	cetuna,cetina
2	solon,rolon
2	lequizamon,leguizamo
2	zamudio,samudio
2	brinez,briñez
2	patarroyo,patorroyo
2	negrete,negret
2	cubides,cubidez
2	caina,caipa
2	arias,airias
2	leyton,leiton
2	molna,mona
2	cepeda,ceepeda
2	villamir,villamor
2	puchigay,cuchigay
2	castillo,casatillo
2	lombano,lombana
2	robelto,roberto
2	chillan,chilan
2	morcote,marcote
2	preciado,ppreciado
2	gaona,gahona
2	orellano,arellano
2	hueso,huesa
2	aguazaco,aguasaco
2	izaza,izasa
2	retiga,reatiga
2	oñate,onate
2	villarreal,villareal
2	ocacion,ocasion
2	gordillo,gordoillo
2	amariz,amaris
2	nempeque,nenpeque
2	machuca,machura
2	reyna,reina
2	burgos,burgo
2	cutiva,cutivan
2	gachacoque,gachagoque
2	jaimez,jaime
2	cuevo,cuero
2	benal,brnal
2	dukon,ducon
2	cañizares,cañizales
2	cuadro,cuadros
2	ausaque,auzaque
2	montero,montejo
2	gelgado,delgado
2	neusa,neusan
2	entelis,enteliz
2	teran,theran
2	barahona,baraona
2	osuna,suna
2	balnco,blnco
2	cocunubo,cucunubo
2	hoyos,huyos
2	granda,granada
2	pizza,piza
2	lavarde,laverde
2	mendrano,medrano
2	español,española
2	barco,marco
2	bonolla,bogolla
2	vera,veira
2	riascos,riasco
2	naiza,naira
2	alvarado,albarado
2	salasar,zalasar
2	ruget,rugeth
2	bustamante,bustamente
2	ibaque,ibague
2	bautista,bautistya
2	latrigia,latriglia
2	marcos,arcos
2	noriega,noriego
2	suaez,suraez
2	lenis,lenus
2	mreno,mareno
2	wills,wiles
2	pacheco,pacheca
2	patino,paatino
2	parales,parrales
2	mogollin,mogollon
2	grijalba,grijalva
2	fetegua,fetecua
2	frisneda,fresneda
2	junca,munca
2	chizabo,chizavo
2	olivero,oliverio
2	barajs,barajas
2	acero,aceros
2	guasquita,guasguita
2	vilbao,bilbao
2	cabezas,cabeza
2	cardenas,cardenass
2	henry,hernry
2	brigaldo,brijaldo
2	brando,brand
2	manosalba,manossalba
2	tamasco,tapasco
2	molano,molamo
2	carrero,marrero
1	nemeguen
1	ventura
1	misas
1	sopo
1	buitraqgo
1	yacari
1	bobadilla
1	tarache
1	mayorquin
1	lazo
1	pasacho
1	hucza
1	juan
1	fletscher
1	cerero
1	amarillo
1	godoy
1	simmonds
1	guarnizo
1	muñoaz
1	rengifo
1	fiquitiva
1	clobis
1	apraez
1	hidalgo
1	miño
1	zipa
1	cahvez
1	siervo
1	albornos
1	cuan
1	lacau
1	yanken
1	lizardo
1	came
1	quinaya
1	rco
1	cabrejo
1	aguepo
1	arauqe
1	sisa
1	aulestia
1	hastamorir
1	alfanso
1	fautoque
1	reinoso
1	lerma
1	willman
1	arizala
1	ulabarry
1	crdenas
1	triviño
1	ajiaco
1	catolico
1	duquino
1	nilo
1	grandona
1	torralba
1	galofre
1	victoria
1	villaquiran
1	oiza
1	laoiza
1	marriaga
1	rosselli
1	ocho
1	casrto
1	buritica
1	cargia
1	repizo
1	martienz
1	rey
1	orobio
1	tarquino
1	villafañe
1	dsiaz
1	viedma
1	cuy
1	curtidur
1	carcamo
1	nieves
1	cuca
1	nosa
1	farfen
1	agaton
1	portocarrero
1	quincos
1	mutis
1	suares
1	chaverra
1	pire
1	sachica
1	gacharna
1	conde
1	cortazar
1	gil
1	tejedor
1	gordo
1	calvijo
1	mendiata
1	cepedas
1	vidal
1	tonocolia
1	fuentres
1	ubaque
1	jarrarte
1	peñuela
1	aguja
1	pretel
1	german
1	pacagui
1	arroyo
1	urrutia
1	vergara
1	roa
1	doza
1	farah
1	poblador
1	landaeta
1	sichaca
1	masmela
1	fafan
1	cote
1	cupa
1	buenaventura
1	reyez
1	santanilla
1	agarita
1	villada
1	ricardo
1	monterrey
1	lagos
1	madrigal
1	valdeleon
1	caravante
1	villamarin
1	mehecha
1	sibo
1	lascar
1	jaque
1	sucerquia
1	caedenas
1	mueses
1	serventi
1	torrado
1	velzaco
1	escalona
1	pimentel
1	lote
1	menece
1	perdomo
1	bernate
1	tribaldos
1	pira
1	parroquiano
1	guanaro
1	copete
1	baca
1	palomino
1	liberato
1	guchubay
1	cajamarca
1	severiche
1	malo
1	lynn
1	carrascal
1	albadan
1	muñeton
1	turmeque
1	andrade
1	riscanevo
1	machado
1	maldonado
1	quiceno
1	frorez
1	chisica
1	polo
1	casilima
1	chia
1	venadillo
1	muzo
1	monosalva
1	ocariano
1	requena
1	victor
1	montufar
1	mestizo
1	pescador
1	nope
1	zapatero
1	didachis
1	zabaleta
1	arjona
1	jasbon
1	ruda
1	gui
1	ubate
1	estepa
1	neachan
1	sanachez
1	sutaneme
1	abreo
1	paez
1	bazurdo
1	gaitan
1	alipio
1	zipaquira
1	tojanci
1	ternera
1	coredor
1	barazeta
1	cuchango
1	fula
1	bayter
1	rinta
1	prias
1	buitrgo
1	cuenu
1	cespedes
1	ali
1	stevenson
1	berbesi
1	szemelveiz
1	cobiativa
1	urquijo
1	apuleyo
1	ibarguen
1	waked
1	achury
1	alarion
1	chauta
1	congo
1	piracoca
1	mina
1	renteria
1	artunduaga
1	alayon
1	wintingan
1	margarita
1	supanteve
1	humo
1	chiguachi
1	sanhez
1	botina
1	toncon
1	lammoglia
1	meriño
1	nranjo
1	farieta
1	aragon
1	ciseri
1	turriago
1	capador
1	fabrega
1	corpas
1	poches
1	endieta
1	nazola
1	pita
1	enrique
1	borras
1	contador
1	lesmas
1	ruge
1	abad
1	enith
1	bordamalo
1	apolinar
1	chapeta
1	artiz
1	pascuas
1	tangarife
1	jumenez
1	valest
1	orbegozo
1	rui
1	sterling
1	corredin
1	escalante
1	ovejero
1	platero
1	bonza
1	suaso
1	alberto
1	seidiza
1	montiel
1	proaños
1	alarte
1	cachiguango
1	guarumo
1	tibacuy
1	lozada
1	forgioni
1	juya
1	bustillo
1	berroteran
1	agredo
1	orostegui
1	casanova
1	maranta
1	velalcar
1	olivera
1	tibambre
1	coronel
1	cufuentes
1	cante
1	useda
1	zea
1	lomdono
1	encinales
1	velasco
1	mayoral
1	latrilla
1	ordoño
1	ferrucho
1	eusse
1	peroza
1	spinel
1	ferraro
1	chavita
1	espejo
1	ñeon
1	puig
1	sandaña
1	padierna
1	milton
1	vinchery
1	lemer
1	gauna
1	peña
1	rusero
1	bahamon
1	filete
1	meza
1	rincom
1	ruiz
1	lamadrid
1	sanin
1	awazacko
1	coteiro
1	suesca
1	garavito
1	villalta
1	gambino
1	roman
1	moyana
1	recalde
1	candela
1	embus
1	chirva
1	bajica
1	meneses
1	huerfano
1	engativa
1	paternina
1	olmos
1	arrigui
1	clopatosky
1	flautero
1	atehortua
1	oicata
1	esteban
1	rotavista
1	eregua
1	cedeño
1	tinjaca
1	coral
1	tandioy
1	madina
1	santocoloma
1	creuz
1	ladrilleras
1	avelladena
1	hernesto
1	goya
1	ortega
1	cervantes
1	raba
1	prciado
1	diez
1	brijalba
1	cartagena
1	rizo
1	usma
1	felix
1	alarco
1	siza
1	feliciano
1	obregon
1	goodman
1	presiado
1	sana
1	grajales
1	capello
1	denegri
1	criollo
1	españoal
1	remolina
1	molares
1	pinson
1	munrvar
1	duitama
1	arce
1	tijo
1	entralgo
1	millares
1	yoldy
1	cohecha
1	pantoja
1	capote
1	ganzalez
1	agresort
1	penagos
1	sancehz
1	sapuy
1	paguana
1	blandon
1	lilia
1	isairias
1	upegui
1	escarraga
1	clavijo
1	corzp
1	cardernas
1	cusaria
1	galarza
1	buitron
1	raad
1	pereira
1	median
1	carpio
1	guenis
1	chuscal
1	crispin
1	sema
1	yerena
1	cachay
1	diagama
1	pertuz
1	baumuller
1	rugeht
1	quibay
1	roncancio
1	antonio
1	avla
1	noa
1	cabana
1	rubiela
1	beitar
1	chiquillo
1	laguilavo
1	lina
1	santillana
1	foronda
1	suarique
1	dejoy
1	cañaveral
1	chimboroza
1	caly
1	maxime
1	sosoto
1	mondragon
1	sotelo
1	alegrias
1	guasca
1	mazorca
1	pawz
1	piraquive
1	batanero
1	viafara
1	alzona
1	terraza
1	zabaranda
1	ortegate
1	abdenago
1	amariles
1	lugue
1	balanta
1	sanz
1	fino
1	tuta
1	orosco
1	peñaranda
1	palacio
1	bustacara
1	panadero
1	morneo
1	tibagan
1	gereda
1	velhbehr
1	quesda
1	grijaba
1	guanay
1	sifuentes
1	santacruz
1	chaguala
1	hayek
1	arizmendy
1	madrid
1	leclerco
1	pote
1	granja
1	ciza
1	rettberg
1	olaya
1	erevalo
1	firavitoba
1	labrador
1	montña
1	lora
1	martinexz
1	sua
1	niñño
1	guicon
1	badillo
1	moñoz
1	moore
1	robledo
1	ontreras
1	sombrerero
1	adan
1	roncallo
1	paz
1	guayacundo
1	esmeral
1	leiva
1	forestiri
1	siabato
1	caballero
1	sustampira
1	cuz
1	centeno
1	bourdon
1	rada
1	alaix
1	alfaro
1	quñones
1	tova
1	mailes
1	motivar
1	urete
1	moncada
1	vija
1	ceferino
1	cantoñi
1	armando
1	grandeth
1	nates
1	pvnto
1	balbin
1	aya
1	campiño
1	mireles
1	raquira
1	matoma
1	alejandro
1	sevillano
1	lambraño
1	aguillon
1	saganome
1	arenales
1	moncayo
1	regalado
1	piracun
1	kammerer
1	algarin
1	reay
1	sogamoso
1	alcazar
1	merlano
1	letrado
1	pataroyo
1	parrade
1	alfoso
1	banda
1	gagliardy
1	macheggo
1	rojo
1	latorre
1	galvys
1	barrientos
1	tunjacipa
1	tejeiro
1	catano
1	cojo
1	nohora
1	oyuela
1	matiz
1	selva
1	urian
1	solanilla
1	kling
1	velez
1	bersinger
1	pastas
1	cornelio
1	otiz
1	samaniego
1	guapacha
1	furmanowski
1	cocuy
1	noy
1	cumbe
1	botello
1	samaca
1	diza
1	alape
1	jauregui
1	tenjo
1	achkar
1	cuburuco
1	albarran
1	mantaña
1	maestre
1	uchamocha
1	dionicio
1	presiga
1	lamprea
1	revelo
1	comas
1	sarria
1	niquepa
1	yopasa
1	cerquera
1	suartez
1	cuvides
1	savedra
1	maya
1	martiniez
1	cure
1	leal
1	castllo
1	tangua
1	yaya
1	ancin
1	caraballo
1	caradenas
1	dominguez
1	cholo
1	rivea
1	echenique
1	coca
1	urda
1	troncoso
1	vinchira
1	tierradentro
1	franco
1	garoya
1	toscano
1	torrijos
1	beto
1	marmolejo
1	santoyo
1	sainea
1	casulu
1	jacome
1	lucero
1	pulgarin
1	trilleras
1	nelson
1	pachila
1	tapiero
1	piambo
1	wittingham
1	trinidad
1	quineme
1	comayan
1	leandro
1	villabona
1	zalgado
1	cachope
1	grosclaude
1	moreda
1	esquivel
1	ballen
1	soracai
1	cesar
1	raga
1	chapeton
1	caviativa
1	sabogal
1	sulbara
1	pedreros
1	slcedo
1	lucas
1	barbosa
1	contento
1	simijaca
1	payares
1	bocachica
1	pobeda
1	heredia
1	herreño
1	deantonio
1	fuya
1	guilar
1	seba
1	ruano
1	jose
1	laserna
1	istamo
1	machete
1	saltarin
1	chinbi
1	papagayo
1	puin
1	ahumada
1	viña
1	ortegon
1	iriarte
1	isaias
1	rava
1	uzeta
1	yate
1	soledad
1	cahverra
1	pizarro
1	ayure
1	zuniga
1	cegua
1	alcocer
1	buirago
1	angulo
1	barrantes
1	villazon
1	hornero
1	soriano
1	luquerna
1	cuadra
1	macoalo
1	saiz
1	carrasquilla
1	seijas
1	malagon
1	pompeyo
1	chisaba
1	reinaldo
1	quinchara
1	carpintero
1	carrizoza
1	nader
1	chaparroa
1	cuello
1	carabali
1	viancha
1	cadavid
1	brausin
1	matamoros
1	cupitra
1	dominga
1	scarpetta
1	manzano
1	saab
1	camoargo
1	terreros
1	melendro
1	villota
1	orduña
1	pasatoa
1	nemoga
1	cancino
1	fandiño
1	grueso
1	krohne
1	marentes
1	nirebi
1	guasiruma
1	ciendua
1	busuy
1	guaitoto
1	celedon
1	alferez
1	sajonero
1	acota
1	palomeque
1	vanoli
1	cortina
1	riay
1	quintro
1	faustino
1	vides
1	corchuelo
1	bahos
1	maria
1	otalora
1	canaria
1	prña
1	wiest
1	constante
1	marrugo
1	baldion
1	crisanto
1	zora
1	belisario
1	benavide
1	huergo
1	luna
1	llorente
1	wilchaz
1	pimiento
1	mroeno
1	ivanes
1	casilinas
1	urintive
1	iza
1	marzola
1	realpe
1	fresno
1	afanador
1	viloria
1	murica
1	barohona
1	rojar
1	mazo
1	ucross
1	obregoso
1	hernande
1	quito
1	hernendez
1	caez
1	nonzaque
1	redondo
1	tiria
1	iregui
1	alzate
1	arrieta
1	barnier
1	matla
1	beleño
1	espeleta
1	olivos
1	loreto
1	casalla
1	tiusaba
1	chavarro
1	calvache
1	manjarres
1	cordeles
1	taita
1	peralta
1	vasco
1	armenta
1	pacabaque
1	mancera
1	sole
1	pasos
1	feligrana
1	malambo
1	cujaban
1	cui
1	bueno
1	corssy
1	tello
1	munar
1	cajigas
1	sanchsz
1	tegria
1	tinoco
1	aroca
1	pelaez
1	crespo
1	nuncira
1	builes
1	comayande
1	lemuz
1	cuartas
1	rios
1	tobito
1	mira
1	paricio
1	chamorro
1	benjumea
1	cerinza
1	mallungo
1	falck
1	colomba
1	ucastegui
1	lacruz
1	piña
1	otalvaro
1	guta
1	narahona
1	senejoa
1	bastidas
1	lineros
1	amaguaña
1	bocanegra
1	abanceza
1	gurrute
1	manzanares
1	oquendo
1	gonzalo
1	echandia
1	salanueva
1	fomeque
1	algarra
1	pedraos
1	nno
1	hundels
1	escudero
1	encinosa
1	bosa
1	laiseca
1	divantoque
1	cubillo
1	pena
1	batista
1	hobaica
1	rochereau
1	lamonglia
1	chaquea
1	roldan
1	narajo
1	arteaga
1	aenz
1	belalcazar
1	benedetti
1	moliniva
1	ontibon
1	agueda
1	cascavita
1	saez
1	ducuara
1	lucumi
1	ibarra
1	berkeley
1	disanto
1	duret
1	gamarra
1	aragones
1	aguazuco
1	pacaya
1	rua
1	tocasuche
1	opez
1	tong
1	aperador
1	apnte
1	sotaban
1	amortegui
1	fiaga
1	muriel
1	zua
1	rabelo
1	perill
1	pozo
1	brisneda
1	certuche
1	rosales
1	sandobal
1	bustos
1	munebar
1	davila
1	sarmeinto
1	felizzola
1	candia
1	zipazuca
1	arguelles
1	ripe
1	avalo
1	perafan
1	alcantar
1	lavacude
1	hinestroza
1	tafur
1	usuga
1	roballo
1	hermosa
1	alalrcon
1	aguas
1	luengas
1	piratoba
1	quipasoca
1	teusillo
1	pararroyo
1	ussa
1	cuesta
1	galicia
1	uribe
1	melgarejo
1	escobar
1	mallorga
1	gimenez
1	jorigua
1	ulrike
1	yanquen
1	noreña
1	tenorio
1	frayle
1	espiita
1	collazos
1	castellejo
1	bucuru
1	mera
1	jacinto
1	ferrer
1	rosendo
1	siachoque
1	monotana
1	becquet
1	restrepo
1	cañuela
1	carrasco
1	vela
1	socadaqui
1	arma
1	gerardo
1	conejo
1	viscaya
1	decely
1	hilarion
1	natera
1	tabaco
1	caqueza
1	guatavita
1	sandovla
1	trejos
1	oliveros
1	apache
1	cuida
1	landinez
1	tautiva
1	doncel
1	piñedez
1	hurtas
1	escarria
1	almeciga
1	micolta
1	viracacha
1	goenaga
1	zerda
1	federico
1	topia
1	azula
1	jaspe
1	urriola
1	moron
1	sanmiguel
1	amparo
1	paniagua
1	cristiano
1	valvuena
1	canchon
1	duenñs
1	muete
1	virviescas
1	toche
1	lpoez
1	toca
1	polanco
1	egue
1	estupinilla
1	barriga
1	joya
1	mayuza
1	ceballos
1	funetes
1	sacristan
1	yazo
1	choachi
1	guacheta
1	anduquia
1	contrerisa
1	cuspoca
1	retavisca
1	giron
1	walteros
1	guacarapare
1	gabriel
1	arbelaez
1	cañola
1	buitragio
1	campbell
1	acrranza
1	peñafiel
1	grass
1	salguero
1	coterio
1	sayer
1	escala
1	yacab
1	gongora
1	alosno
1	motañez
1	ciro
1	bovelo
1	ruis
1	arboleda
1	mirabal
1	manchola
1	saboya
1	ascanio
1	zubiria
1	bertilde
1	chantano
1	cantero
1	daza
1	rivadeneira
1	yara
1	narvaez
1	kurmen
1	barrteo
1	juez
1	parga
1	lizcano
1	ssocha
1	jacanamijoy
1	balderrama
1	lee
1	chingua
1	catame
1	ledesma
1	torrejano
1	lignapolo
1	cuitiva
1	leon
1	aranzazu
1	zuluaga
1	trullo
1	barrote
1	cediel
1	garrido
1	yaye
1	primiciero
1	merizalde
1	jara
1	guayabo
1	nandar
1	rachid
1	castibalco
1	mila
1	zeas
1	borrero
1	lavacundo
1	hozman
1	patarrollo
1	topaga
1	cordoba
1	monero
1	lizoir
1	zorro
1	haussen
1	suancha
1	chidiac
1	noya
1	bonet
1	perico
1	loor
1	sora
1	pacateque
1	yunado
1	sicacha
1	galeano
1	jejen
1	totaitive
1	lloreda
1	naffah
1	baez
1	yela
1	chaparrro
1	mambuscay
1	noguera
1	niedrano
1	graciano
1	noño
1	julio
1	cuniche
1	nio
1	robayo
1	montes
1	camino
1	algel
1	tibaquira
1	amelines
1	moya
1	pardo
1	manotas
1	muños
1	patrice
1	fernando
1	yagama
1	jacobo
1	cordon
1	fragozo
1	kusguen
1	castñeda
1	minieri
1	criales
1	trigos
1	bracamonte
1	contrerar
1	ruera
1	valentin
1	duena
1	pelayo
1	piamonte
1	abriñ
1	vasuqez
1	carlos
1	manchego
1	higuita
1	bellizia
1	amorocho
1	maritinez
1	cova
1	arzuaga
1	cumbal
1	eña
1	fuques
1	charspentier
1	lobaton
1	carrion
1	cabo
1	cuadrado
1	arredondo
1	pilonieta
1	aizales
1	chingate
1	cipacon
1	lima
1	garces
1	briceño
1	cacinero
1	adarve
1	manso
1	panche
1	espindola
1	caracas
1	nocobe
1	quiche
1	vidales
1	jutinico
1	guaquida
1	cogoyo
1	martinaz
1	suache
1	coy
1	bandera
1	mananche
1	meta
1	santana
1	calvo
1	sotaqira
1	jeremias
1	brito
1	albino
1	santi
1	catimay
1	simnds
1	felisa
1	carmargo
1	nomesqui
1	nemocon
1	olave
1	quinchia
1	trillos
1	beranl
1	dimate
1	guacaneme
1	altamar
1	cujar
1	sestoque
1	rigo
1	feo
1	idrobo
1	lara
1	galdames
1	frade
1	kuan
1	olivella
1	espino
1	cuenca
1	araujo
1	cahueño
1	tula
1	kilnger
1	buendia
1	aranzales
1	vacares
1	quitana
1	cipgauta
1	blain
1	rusy
1	santiago
1	obando
1	lianres
1	gallardo
1	santuario
1	cujavante
1	altuzarra
1	tobian
1	malva
1	cervera
1	rozo
1	segovia
1	colorado
1	eon
1	brrera
1	real
1	flores
1	lalinde
1	zamidio
1	mosucha
1	peurto
1	mendible
1	loprx
1	guayara
1	cavirrian
1	estrada
1	tequia
1	pasuca
1	silvestre
1	guaqueta
1	sicuamia
1	caldas
1	gañan
1	yusunguaira
1	belmonte
1	quevedo
1	vaquen
1	polania
1	riofrio
1	luis
1	guaman
1	dicelis
1	torifio
1	tintin
1	santander
1	pajarito
1	cantor
1	atara
1	deoyes
1	rayo
1	mmartinez
1	meidna
1	tejada
1	monrpy
1	inocencio
1	maturana
1	stunkel
1	pacavita
1	chung
1	alcala
1	vabuena
1	verano
1	enciso
1	zaiz
1	españa
1	cleves
1	piraneque
1	toro
1	vigoya
1	cuchala
1	sotomonte
1	cristina
1	fortuna
1	elizalde
1	david
1	ortigoza
1	marulanda
1	chontal
1	monzocua
1	naizaque
1	nanclares
1	chinome
1	quepa
1	suelta
1	morris
1	guebara
1	beil
1	canacue
1	hende
1	tunjuelo
1	poloche
1	munera
1	curz
1	ciprian
1	ncepeda
1	grigalba
1	pajaro
1	lugo
1	casadiegos
1	salomon
1	dousdebes
1	foraquira
1	gallegari
1	moscoso
1	tay
1	porciani
1	cahueñas
1	cascante
1	chinchilla
1	susa
1	obeso
1	ricaute
1	combita
1	bram
1	bamboa
1	bombiela
1	valeriano
1	mesa
1	chico
1	villegas
1	pijaran
1	osma
1	valenzuela
1	mayordomo
1	seguro
1	mendigaño
1	claderon
1	riocampo
1	garay
1	icaria
1	silver
1	uva
1	arzuza
1	anchique
1	malpica
1	pavon
1	apariciio
1	cabarcas
1	hansel
1	riviera
1	fonque
1	cayachoa
1	hanke
1	barreneche
1	sistiva
1	tiga
1	damian
1	cintura
1	almonacid
1	buitgrago
1	samora
1	cuchimba
1	grandini
1	solorzano
1	sevilla
1	lindo
1	guaje
1	balcacer
1	motavita
1	hederich
1	rottemberg
1	baustista
1	serrato
1	basayo
1	ronderos
1	quiasua
1	misse
1	d'otero
1	esparza
1	mozuca
1	anave
1	sinisterra
1	lucrecia
1	criado
1	herederos
1	nuvan
1	neisa
1	giuo
1	izquierdo
1	pulecio
1	neite
1	sarmineto
1	borbon
1	pan
1	montealegre
1	cañon
1	monastoque
1	cierra
1	zapata
1	patacon
1	amar
1	jojoa
1	berragan
1	arciniegas
1	villafrades
1	duarte
1	raigosa
1	maertinez
1	gracia
1	morelo
1	basallo
1	nuche
1	mallarino
1	garizabalo
1	milques
1	garcia
1	grau
1	nafar
1	pamplona
1	marciales
1	rodrigo
1	usme
1	quijano
1	patini
1	anacona
1	uyasaba
1	santamaria
1	escandon
1	lirazo
1	aunta
1	berrio
1	quirama
1	waldron
1	berna
1	fontalvo
1	tibasosa
1	lescano
1	ceija
1	sicuariza
1	barz
1	tigreros
1	sampedro
1	chavarriaga
1	anzueta
1	grande
1	santibañez
1	marroquin
1	martiñez
1	trespalacios
1	tojuelo
1	carmona
1	pajoy
1	venavides
